id	site
Site1a	1a
Site1bb	1bb
Site1b	1b
Site1cc	1cc
Site1c	1c
Site1dd	1dd
Site1d	1d
Site1ee	1ee
Site1e	1e
Site1f	1f
Site1g	1g
Site1h	1h
Site1J	1J
Site1k	1k
Site1L	1L
Site1m	1m
Site1n	1n
Site1o	1o
Site1p	1p
Site1q	1q
Site1r	1r
Site1s	1s
Site1t	1t
Site1U	1U
Site1v	1v
Site1w	1w
Site1y	1y
Site1z	1z
Site5aa	5aa
Site5a	5a
Site5bb	5bb
Site5b	5b
Site5cc	5cc
Site5c	5c
Site5ee	5ee
Site5e	5e
Site5ff	5ff
Site5f	5f
Site5g	5g
Site5h	5h
Site5J	5J
Site5k	5k
Site5L	5L
Site5m	5m
Site5n	5n
Site5o	5o
Site5p	5p
Site5q	5q
Site5r	5r
Site5s	5s
Site5u	5u
Site5v	5v
Site5w	5w
Site5z	5z
